selectedName,sessionID,REFID,INDEX,verification,baseline_land_use,change_year,change_type
zander,1729690357627,id_20710881,0,yes,shrubland,2021,transport
zander,1729690357627,id_84128106,1,yes,forest,2022,transport
zander,1729690662401,id_62196806,0,yes,cropland,2023,uncertain
zander,1729690662401,id_82331305,2,yes,grassland,2021,residential
zander,1729690662401,id_48685005,3,no,,,
zander,1729690662401,id_45951966,4,yes,cropland,2022,agriculture
zander,1729690662401,id_73841398,5,no,,,
zander,1729690662401,id_30349601,6,no,,,
zander,1729690662401,id_43040596,7,no,,,
zander,1729690662401,id_27960396,8,no,,,
zander,1729690662401,id_93407148,9,no,,,
zander,1729690662401,id_49127604,10,no,,,
zander,1729690662401,id_14445216,11,no,,,
zander,1729690662401,id_70155662,12,no,,,
zander,1729690662401,id_12441584,13,no,,,
zander,1729690662401,id_49653907,14,no,,,
zander,1729690662401,id_67306745,15,yes,grassland,2022,residential
zander,1729690662401,id_1846332,16,no,,,
zander,1729690662401,id_32444590,17,no,,,
zander,1729690662401,id_577941,18,no,,,
zander,1729690662401,id_12804904,19,no,,,
zander,1729690662401,id_77103954,20,yes,grassland,2020,industrial
zander,1729690662401,id_98303096,21,no,,,
zander,1729690662401,id_15511865,22,no,,,
zander,1730206757341,id_5309686,0,no,,,
zander,1730206757341,id_20879796,1,no,,,
zander,1730206757341,id_95714186,2,no,,,
zander,1730206757341,id_76529048,3,yes,grassland,2022,residential
leo,1730292030095,id_20412939,0,no,,,
leo,1730296217545,id_42476769,0,yes,grassland,2023,residential
leo,1730296217545,id_57906803,1,no,,,
leo,1730296217545,id_40756897,2,no,,,
leo,1730296217545,id_88248611,3,yes,shrubland,2019,energy
leo,1730296217545,id_89741727,4,no,,,
leo,1730296217545,id_34576811,5,no,,,
leo,1730296217545,id_9153576,6,yes,cropland,2018,uncertain
leo,1730296217545,id_63659824,7,uncertain,,,
leo,1730296217545,id_64590859,8,yes,cropland,2023,residential
leo,1730296217545,id_64033252,9,yes,cropland,uncertain,residential
leo,1730296217545,id_28511836,10,yes,cropland,2019,residential
leo,1730296217545,id_60143583,11,no,,,
leo,1730296217545,id_39261601,12,no,,,
leo,1730296217545,id_50107770,13,uncertain,,,
leo,1730296217545,id_54281393,14,no,,,
leo,1730296217545,id_51243431,15,no,,,
leo,1730296217545,id_34994585,16,no,,,
leo,1730296217545,id_72972934,17,yes,cropland,2022,residential
leo,1730296217545,id_99287131,18,no,,,
leo,1730296217545,id_20132153,19,no,,,
leo,1730296217545,id_51930450,20,yes,cropland,2023,residential
leo,1730296217545,id_94541760,21,no,,,
leo,1730296217545,id_37602613,22,yes,cropland,uncertain,residential
leo,1730296217545,id_70736779,23,no,,,
hazel,1730383762647,id_49399217,0,no,forest,,
hazel,1730383762647,id_94487374,1,no,,,
hazel,1730383762647,id_71428023,2,no,,,
hazel,1730383762647,id_75153443,3,no,,,
hazel,1730383762647,id_50365555,4,no,,,
hazel,1730383762647,id_99102316,5,no,,,
hazel,1730383762647,id_83415181,6,no,,,
hazel,1730383762647,id_93429541,7,no,,,
hazel,1730383762647,id_94366336,8,no,,,
hazel,1730383762647,id_89511512,9,no,,,
hazel,1730384619879,id_27838294,0,no,,,
hazel,1730384619879,id_27838294,1,no,,,
hazel,1730384619879,id_14435183,2,no,,,
sarah,1730384737139,id_14435183,0,no,,,
hazel,1730384619879,id_80440453,3,no,,,
sarah,1730384737139,id_80440453,1,no,,,
hazel,1730384619879,id_20492121,4,yes,bareland,2021,transport
hazel,1730384619879,id_15271716,5,no,,,
sarah,1730384737139,id_20492121,2,uncertain,,,
sarah,1730384737139,id_15271716,3,yes,shrubland,2022,uncertain
sarah,1730384737139,id_99127494,4,no,,,
sarah,1730384737139,id_25751959,5,uncertain,,,
sarah,1730384737139,id_69061915,6,uncertain,,,
sarah,1730384737139,id_46703440,7,no,,,
sarah,1730384737139,id_85200323,8,no,,,
sarah,1730384737139,id_93249783,9,no,,,
sarah,1730384737139,id_23423283,10,no,,,
sarah,1730384737139,id_63827404,11,no,,,
sarah,1730384737139,id_89923984,12,no,,,
sarah,1730384737139,id_76726814,13,no,,,
sarah,1730384737139,id_78870149,14,yes,forest,2023,industrial
sarah,1730384737139,id_31174630,15,no,,,
sarah,1730384737139,id_47699581,16,yes,bareland,2019,residential
sarah,1730384737139,id_78109528,17,no,,,
sarah,1730384737139,id_25356799,18,no,,,
sarah,1730384737139,id_55083036,19,no,,,
sarah,1730384737139,id_24124991,20,no,,,
sarah,1730384737139,id_94467707,21,no,,,
sarah,1730384737139,id_33732817,22,yes,forest,2023,transport
sarah,1730384737139,id_65009510,23,yes,cropland,2021,agriculture
sarah,1730384737139,id_1491889,24,yes,bareland,2018,transport
sarah,1730384737139,id_33466612,25,yes,bareland,2020,industrial
sarah,1730384737139,id_54209033,26,yes,forest,2021,agriculture
sarah,1730384737139,id_8872027,27,no,,,
sarah,1730384737139,id_8872027,27,uncertain,,,
sarah,1730384737139,id_12516439,28,no,,,
sarah,1730384737139,id_58522472,29,no,,,
sarah,1730384737139,id_16380536,30,no,,,
sarah,1730384737139,id_63665278,31,no,,,
leo,1730453371647,id_99213994,0,no,,,
leo,1730453371647,id_75080644,1,no,,,
sarah,1730455258460,id_99213994,0,no,,,
sarah,1730455258460,id_99213994,1,no,,,
leo,1730453371647,id_84309922,2,no,,,
sarah,1730455258460,id_75080644,2,no,,,
leo,1730453371647,id_72338539,3,no,,,
sarah,1730455258460,id_84309922,3,no,,,
sarah,1730455258460,id_72338539,4,no,,,
leo,1730453371647,id_86757605,4,no,,,
sarah,1730455258460,id_86757605,5,no,,,
sarah,1730455258460,id_18112807,6,no,,,
leo,1730453371647,id_18112807,5,no,,,
sarah,1730455258460,id_17717678,7,no,,,
sarah,1730455258460,id_48531421,8,no,,,
leo,1730453371647,id_17717678,6,no,,,
leo,1730453371647,id_48531421,7,no,,,
sarah,1730455258460,id_21080560,9,no,,,
leo,1730453371647,id_21080560,8,no,,,
sarah,1730455258460,id_81040511,10,no,,,
leo,1730453371647,id_81040511,9,no,,,
sarah,1730455258460,id_16051649,11,no,,,
leo,1730453371647,id_16051649,10,no,,,
sarah,1730455258460,id_62457927,12,no,,,
leo,1730453371647,id_62457927,11,no,,,
sarah,1730455258460,id_47986497,13,no,,,
leo,1730453371647,id_47986497,12,no,,,
leo,1730453371647,id_74235117,13,no,,,
leo,1730453371647,id_34116952,14,yes,shrubland,2022,residential
sarah,1730455258460,id_74235117,14,no,,,
leo,1730453371647,id_95758598,15,no,,,
leo,1730453371647,id_74067755,16,no,,,
leo,1730453371647,id_87528684,17,no,,,
leo,1730453371647,id_65851198,18,yes,cropland,2022,uncertain
leo,1730453371647,id_83871103,19,no,,,
leo,1730453371647,id_18534035,20,yes,shrubland,2020,residential
leo,1730453371647,id_69595201,21,yes,cropland,2023,industrial
leo,1730453371647,id_66920007,22,no,,,
leo,1730453371647,id_46133091,23,no,,,
leo,1730453371647,id_17243496,24,no,,,
leo,1730453371647,id_41569482,25,no,,,
leo,1730453371647,id_43010251,26,yes,grassland,uncertain,transport
leo,1730453371647,id_52127217,27,no,,,
leo,1730453371647,id_63814986,28,yes,cropland,2021,residential
leo,1730453371647,id_70487881,29,no,,,
leo,1730453371647,id_97478076,30,no,,,
sarah,1730458021649,id_99213994,0,no,,,
leo,1730453371647,id_59494107,31,no,,,
leo,1730453371647,id_58739082,32,no,,,
leo,1730453371647,id_37263077,33,no,,,
leo,1730453371647,id_30406286,34,no,,,
leo,1730453371647,id_44476479,35,no,,,
leo,1730453371647,id_40277687,36,no,,,
leo,1730453371647,id_27198714,37,no,,,
leo,1730453371647,id_4179394,38,no,,,
leo,1730453371647,id_71152630,39,no,,,
leo,1730453371647,id_35359690,40,no,,,
sarah,1730458021649,id_97478076,1,no,,,
sarah,1730458021649,id_59494107,2,uncertain,forest,2021,residential
sarah,1730458021649,id_58739082,3,no,,,
sarah,1730458021649,id_37263077,4,no,,,
sarah,1730458021649,id_30406286,5,no,,,
sarah,1730458021649,id_44476479,6,no,,,
sarah,1730458021649,id_40277687,7,no,,,
sarah,1730458021649,id_27198714,8,no,,,
sarah,1730458021649,id_4179394,9,no,,,
sarah,1730458021649,id_71152630,10,no,,,
sarah,1730458021649,id_35359690,11,no,,,
sarah,1730458021649,id_9721947,12,no,,,
sarah,1730458021649,id_92284831,13,no,,,
sarah,1730458021649,id_34073640,14,yes,bareland,2018,industrial
sarah,1730458021649,id_89078559,15,yes,grassland,2022,residential
sarah,1730458021649,id_35391063,16,yes,shrubland,2020,residential
sarah,1730458021649,id_5400748,17,no,,,
sarah,1730458021649,id_15602752,18,no,,,
sarah,1730458021649,id_67034259,19,no,,,
sarah,1730458021649,id_47261452,20,no,,,
sarah,1730458021649,id_51589976,21,yes,grassland,2023,residential
sarah,1730458021649,id_56949407,22,yes,grassland,2023,residential
sarah,1730458021649,id_85847695,23,no,,,
sarah,1730458021649,id_50922700,24,yes,grassland,2023,uncertain
sarah,1730458021649,id_43171421,25,no,,,
sarah,1730458021649,id_49294316,26,no,,,
sarah,1730458021649,id_44360177,27,no,,,
sarah,1730458021649,id_14436576,28,no,,,
sarah,1730458021649,id_43071208,29,no,,,
sarah,1730458021649,id_96083750,30,no,,,
sarah,1730458021649,id_28499354,31,no,,,
sarah,1730458021649,id_97818214,32,no,,,
sarah,1730458021649,id_11532554,33,no,,,
sarah,1730458021649,id_65383484,34,no,,,
sarah,1730458021649,id_92883617,35,no,,,
sarah,1730458021649,id_81939875,36,no,,,
sarah,1730458021649,id_17751461,37,no,,,
sarah,1730458021649,id_13065950,38,no,,,
sarah,1730458021649,id_89601953,39,no,,,
sarah,1730458021649,id_85129503,40,yes,bareland,2023,industrial
sarah,1730458021649,id_68203573,41,no,,,
sarah,1730458021649,id_8982793,42,yes,grassland,2021,residential
sarah,1730458021649,id_19293303,43,no,,,
sarah,1730458021649,id_5229508,44,no,,,
sarah,1730458021649,id_30508523,45,no,,,
sarah,1730458021649,id_11094418,46,no,,,
sarah,1730458021649,id_54281980,47,no,,,
sarah,1730458021649,id_99918818,48,no,,,
sarah,1730458021649,id_27845939,49,no,,,
sarah,1730458021649,id_40735883,50,yes,forest,2023,energy
sarah,1730458021649,id_72468950,51,yes,bareland,2019,residential
sarah,1730458021649,id_8631193,52,no,,,
sarah,1730458021649,id_49071446,53,yes,grassland,2023,agriculture
sarah,1730458021649,id_14987636,54,no,,,
sarah,1730458021649,id_44391061,55,no,,,
sarah,1730458021649,id_33805304,56,no,,,
sarah,1730458021649,id_31229198,57,no,,,
sarah,1730458021649,id_97972900,58,no,,,
sarah,1730458021649,id_47263097,59,yes,forest,2021,uncertain
sarah,1730458021649,id_81884045,60,no,,,
sarah,1730458021649,id_33917531,61,no,,,
sarah,1730458021649,id_6819755,62,no,,,
sarah,1730458021649,id_54230069,63,yes,forest,2021,residential
sarah,1730458021649,id_14398630,64,no,,,
sarah,1730458021649,id_67167074,65,uncertain,,,
sarah,1730458021649,id_15292147,66,yes,forest,2021,transport
jelena,1730471391789,id_4153908,0,no,,,
jelena,1730472845581,id_37042915,0,uncertain,,,
jelena,1730472845581,id_37042915,1,uncertain,,,
jelena,1730472845581,id_96148952,2,no,,,
jelena,1730472845581,id_57670189,3,uncertain,,,...
jelena,1730472845581,id_99420466,4,no,,,
jelena,1730472845581,id_99420466,4,no,,,
jelena,1730472845581,id_20097200,5,uncertain,,,
jelena,1730472845581,id_70982610,6,no,,,
jelena,1730472845581,id_86621502,7,no,,,
jelena,1730472845581,id_43113261,8,no,,,
jelena,1730472845581,id_30538636,9,yes,cropland,2019,uncertain
jelena,1730472845581,id_75612690,10,no,,,
sarah,1730546714294,id_99213994,0,no,,,
sarah,1730560780438,id_99213994,0,no,,,
sarah,1730560780438,id_43713851,1,no,,,
sarah,1730560780438,id_87763256,2,yes,cropland,2023,residential
sarah,1730560780438,id_4321410,3,no,,,
sarah,1730560780438,id_39347866,4,no,,,
sarah,1730560780438,id_65806369,5,no,,,
sarah,1730560780438,id_63365846,6,no,,,
sarah,1730560780438,id_90686946,7,no,,,
sarah,1730560780438,id_28715493,8,yes,forest,2023,uncertain
sarah,1730560780438,id_38766822,9,no,,,
sarah,1730560780438,id_55385232,10,no,,,
sarah,1730560780438,id_50452501,11,no,,,
sarah,1730560780438,id_60223466,12,no,,,
sarah,1730560780438,id_41244469,13,no,,,
sarah,1730560780438,id_26061344,14,no,,,
sarah,1730560780438,id_50558276,15,yes,cropland,2023,residential
sarah,1730560780438,id_63009934,16,no,,,
sarah,1730560780438,id_36583152,17,no,,,
sarah,1730560780438,id_93850028,18,no,,,
sarah,1730560780438,id_59360290,19,no,,,
sarah,1730560780438,id_70859672,20,no,,,
sarah,1730560780438,id_13369641,21,no,,,
sarah,1730560780438,id_40221374,22,no,,,
sarah,1730560780438,id_33079498,23,no,,,
sarah,1730560780438,id_57918976,24,no,,,
sarah,1730560780438,id_30224477,25,no,,,
sarah,1730560780438,id_53328778,26,yes,cropland,2021,industrial
sarah,1730560780438,id_94273873,27,no,,,
sarah,1730560780438,id_36575129,28,no,,,
sarah,1730560780438,id_55781740,29,no,,,
sarah,1730560780438,id_93449110,30,no,,,
sarah,1730560780438,id_41180693,31,no,,,
sarah,1730560780438,id_65364426,32,no,,,
sarah,1730560780438,id_33829590,33,no,,,
sarah,1730560780438,id_2735703,34,no,,,
sarah,1730560780438,id_23840735,35,yes,forest,2021,transport
sarah,1730560780438,id_64258733,36,no,,,
sarah,1730560780438,id_58597897,37,yes,forest,2021,residential
sarah,1730560780438,id_84291548,38,no,,,
sarah,1730560780438,id_71476203,39,yes,forest,2023,industrial
sarah,1730560780438,id_46263088,40,no,,,
sarah,1730560780438,id_79608793,41,yes,bareland,2020,agriculture
sarah,1730560780438,id_39147895,42,no,,,
sarah,1730560780438,id_33421555,43,no,,,
sarah,1730560780438,id_65744300,44,yes,grassland,2022,uncertain
sarah,1730560780438,id_20305439,45,no,,,
sarah,1730560780438,id_17727971,46,yes,,,
sarah,1730560780438,id_17727971,46,no,,,
sarah,1730560780438,id_69463717,47,yes,forest,2022,uncertain
sarah,1730560780438,id_29767470,48,no,,,
sarah,1730560780438,id_86760704,49,no,,,
sarah,1730560780438,id_52428301,50,no,,,
sarah,1730560780438,id_78930282,51,no,,,
sarah,1730560780438,id_56728838,52,no,,,
sarah,1730560780438,id_70538113,53,no,,,
sarah,1730560780438,id_54715007,54,no,,,
sarah,1730560780438,id_54715007,54,no,,,
sarah,1730560780438,id_37012983,55,no,,,
sarah,1730560780438,id_70669216,56,no,,,
sarah,1730560780438,id_38311258,57,no,,,
sarah,1730560780438,id_92970948,58,no,,,
sarah,1730560780438,id_53554604,59,no,,,
sarah,1730560780438,id_59318846,60,no,,,
sarah,1730560780438,id_10509514,61,no,,,
sarah,1730560780438,id_5043672,62,no,,,
sarah,1730560780438,id_34293942,63,no,,,
sarah,1730560780438,id_21366770,64,no,,,
sarah,1730560780438,id_57214795,65,no,,,
sarah,1730560780438,id_71947273,66,no,,,
sarah,1730560780438,id_3642792,67,yes,bareland,2022,residential
jelena,1730620916763,id_4264054,0,no,,,
jelena,1730620916763,id_73608813,1,no,,,
jelena,1730620916763,id_41997112,2,yes,uncertain,uncertain,uncertain
jelena,1730620916763,id_66444661,3,no,,,
jelena,1730620916763,id_73734370,4,no,,,
jelena,1730620916763,id_31995391,5,no,,,
jelena,1730620916763,id_83490928,6,no,,,
jelena,1730620916763,id_54732625,7,no,,,
jelena,1730620916763,id_51384921,8,no,,,
jelena,1730620916763,id_24644308,9,no,,,
jelena,1730620916763,id_77461011,10,no,,,
jelena,1730620916763,id_75837820,11,yes,cropland,uncertain,uncertain
jelena,1730620916763,id_48626220,12,yes,uncertain,2023,uncertain
jelena,1730620916763,id_73990241,13,no,,,
jelena,1730620916763,id_42352645,14,no,,,
jelena,1730620916763,id_69790401,15,no,,,
jelena,1730620916763,id_33747227,16,no,,,
jelena,1730620916763,id_43431918,17,uncertain,,,
jelena,1730620916763,id_8556078,18,no,,,
jelena,1730620916763,id_60179539,19,no,,,
jelena,1730620916763,id_90288342,20,no,,,
jelena,1730620916763,id_8941314,21,no,,,
jelena,1730620916763,id_76895786,22,no,,,
jelena,1730620916763,id_23003530,23,uncertain,,,
jelena,1730620916763,id_98341782,24,yes,cropland,2022,uncertain
jelena,1730620916763,id_29421342,25,no,,,
jelena,1730620916763,id_41967356,26,yes,cropland,2022,transport
jelena,1730620916763,id_24185874,27,no,,,
jelena,1730620916763,id_57850857,28,no,,,
jelena,1730620916763,id_64513561,29,no,,,
jelena,1730620916763,id_79334280,30,no,,,
jelena,1730620916763,id_24984985,31,no,,,
jelena,1730620916763,id_82740971,32,no,,,
jelena,1730620916763,id_44950409,33,no,,,
jelena,1730620916763,id_83706283,34,no,,,
jelena,1730620916763,id_61541954,35,yes,uncertain,2020,uncertain
jelena,1730620916763,id_73380237,36,no,,,
jelena,1730620916763,id_89483526,37,no,,,
jelena,1730620916763,id_73578956,38,no,,,
jelena,1730620916763,id_5888529,39,no,,,
jelena,1730620916763,id_51300270,40,yes,uncertain,2022,transport
jelena,1730620916763,id_11193605,41,no,,,
jelena,1730620916763,id_1809125,42,uncertain,,,
jelena,1730620916763,id_25420205,43,no,,,
jelena,1730620916763,id_97398938,44,no,,,
jelena,1730620916763,id_85677748,45,uncertain,,,
jelena,1730620916763,id_1264296,46,uncertain,,,
jelena,1730620916763,id_71184231,47,no,,,
jelena,1730620916763,id_50982898,48,no,,,
jelena,1730620916763,id_3762492,49,no,,,
jelena,1730620916763,id_69369666,50,uncertain,,,
jelena,1730620916763,id_58207277,51,no,,,
jelena,1730620916763,id_78582829,52,no,,,
jelena,1730620916763,id_2293314,53,no,,,
jelena,1730620916763,id_69374140,54,no,,,
jelena,1730620916763,id_9020313,55,uncertain,,,
jelena,1730620916763,id_33160860,56,uncertain,,,
jelena,1730620916763,id_24345107,57,uncertain,grassland,uncertain,transport
jelena,1730620916763,id_32555323,58,yes,grassland,uncertain,uncertain
jelena,1730620916763,id_11531838,59,no,,,
jelena,1730620916763,id_4011580,60,no,,,
jelena,1730620916763,id_56271716,61,no,,,
jelena,1730620916763,id_59299909,62,no,,,
jelena,1730620916763,id_55962991,63,no,,,
jelena,1730620916763,id_99860544,64,no,,,
jelena,1730620916763,id_7838647,65,no,,,
jelena,1730620916763,id_81587321,66,uncertain,,,
jelena,1730620916763,id_38316073,67,no,,,
jelena,1730620916763,id_31416154,68,uncertain,,,
jelena,1730620916763,id_34020286,69,uncertain,uncertain,,
jelena,1730620916763,id_39406393,70,no,,,
jelena,1730620916763,id_46676377,71,no,,,
jelena,1730620916763,id_51702619,72,no,,,
jelena,1730620916763,id_54438885,73,no,,,
jelena,1730620916763,id_44944097,74,no,,,
jelena,1730620916763,id_29170691,75,no,,,
jelena,1730620916763,id_1569661,76,no,,,
jelena,1730620916763,id_5357612,77,yes,grassland,uncertain,uncertain
jelena,1730620916763,id_90211434,78,no,,,
jelena,1730620916763,id_45243154,79,yes,bareland,uncertain,uncertain
jelena,1730620916763,id_94809234,80,no,,,
jelena,1730620916763,id_60373925,81,uncertain,,,
jelena,1730620916763,id_28643475,82,no,,,
jelena,1730620916763,id_76765774,83,no,,,
jelena,1730620916763,id_34264341,84,yes,forest,uncertain,uncertain
jelena,1730620916763,id_98153706,85,no,,,
jelena,1730620916763,id_65396649,86,uncertain,forest,uncertain,uncertain
jelena,1730620916763,id_52841487,87,uncertain,,,
jelena,1730620916763,id_33391358,88,no,,,
jelena,1730620916763,id_65406164,89,no,,,
jelena,1730620916763,id_52546655,90,no,,,
jelena,1730620916763,id_52008930,91,no,,,
zeynep,1730654038940,id_9314386,0,no,,,
zeynep,1730654356445,id_98331085,0,no,,,
zeynep,1730654356445,id_98331085,1,no,,,
zeynep,1730654356445,id_53464175,2,no,,,
zeynep,1730654356445,id_32430592,3,no,,,
zeynep,1730654356445,id_65872515,4,no,,,
zeynep,1730654356445,id_93096892,5,no,,,
zeynep,1730654356445,id_57268229,6,yes,cropland,2022,agriculture
zeynep,1730655916744,id_5693629,0,no,,,
leo,1730710675405,id_45708522,0,yes,bareland,2021,industrial
leo,1730710675405,id_5218670,1,no,,,
leo,1730710675405,id_83888412,2,yes,grassland,2020,industrial
leo,1730710675405,id_70833234,3,no,,,
leo,1730710675405,id_80104860,4,yes,grassland,uncertain,uncertain
leo,1730710675405,id_1375647,5,yes,grassland,2023,transport
leo,1730710675405,id_14531786,6,no,,,
leo,1730710675405,id_54343225,7,uncertain,,,
leo,1730710675405,id_4871280,8,no,,,
leo,1730710675405,id_79376136,9,no,,,
leo,1730710675405,id_69301445,10,no,,,
leo,1730710675405,id_43523058,11,no,,,
leo,1730710675405,id_69723271,12,no,,,
leo,1730710675405,id_16452762,13,no,,,
leo,1730710675405,id_17831797,14,no,,,
leo,1730710675405,id_14939043,15,no,,,
leo,1730710675405,id_61141415,16,no,,,
leo,1730710675405,id_60485014,17,uncertain,,,
leo,1730710675405,id_98936200,18,no,,,
leo,1730710675405,id_94872763,19,no,,,
leo,1730710675405,id_81417649,20,no,,,
leo,1730710675405,id_86070821,21,no,,,
leo,1730710675405,id_41337148,22,no,,,
leo,1730710675405,id_62941317,23,no,,,
leo,1730710675405,id_24868216,24,no,,,
leo,1730710675405,id_88861191,25,uncertain,,,
leo,1730710675405,id_4005156,26,no,,,
leo,1730710675405,id_63813998,27,no,,,
leo,1730710675405,id_94710265,28,no,,,
leo,1730710675405,id_3719853,29,yes,grassland,2023,residential
leo,1730710675405,id_94680135,30,no,,,
leo,1730710675405,id_35972283,31,yes,cropland,2021,...
leo,1730710675405,id_42118125,32,yes,forest,2020,residential
leo,1730710675405,id_6523774,33,yes,cropland,2018,residential
leo,1730710675405,id_99117494,34,no,,,
leo,1730710675405,id_87113603,35,no,,,
leo,1730710675405,id_68496994,36,yes,cropland,2023,uncertain
leo,1730710675405,id_93588291,37,yes,grassland,2021,uncertain
leo,1730710675405,id_75680550,38,no,,,
leo,1730710675405,id_29580678,39,no,,,
leo,1730710675405,id_41516515,40,no,,,
leo,1730710675405,id_42236453,41,yes,grassland,2019,industrial
leo,1730822333766,id_176841,0,no,,,
leo,1730822333766,id_14526937,1,no,,,
leo,1730822333766,id_85202055,2,no,,,
leo,1730822333766,id_1174637,3,no,,,
leo,1730822333766,id_25018780,4,yes,shrubland,2020,residential
leo,1730822333766,id_54224024,5,no,,,
leo,1730822333766,id_95840713,6,no,,,
leo,1730822333766,id_51822252,7,no,,,
leo,1730822333766,id_78116974,8,no,,,
zeynep,1730823355809,id_176841,0,no,,,
leo,1730822333766,id_30792168,9,yes,grassland,2019,residential
zeynep,1730823355809,id_78116974,1,no,,,
zeynep,1730823355809,id_30792168,2,yes,grassland,2022,residential
leo,1730822333766,id_4785060,10,no,,,
zeynep,1730823355809,id_4785060,3,no,,,
leo,1730822333766,id_70670816,11,no,,,
zeynep,1730823355809,id_70670816,4,no,,,
zeynep,1730823355809,id_51960684,5,no,,,
zeynep,1730823355809,id_52622604,6,no,,,
zeynep,1730824965887,id_89394650,0,no,,,
zeynep,1730824965887,id_89394650,1,yes,forest,2019,industrial
zeynep,1730824965887,id_41448640,2,yes,grassland,2020,industrial
zeynep,1730825348452,id_19873470,0,no,,,
zeynep,1730825348452,id_19873470,1,no,,,
zeynep,1730825348452,id_96348301,2,no,,,
zeynep,1730825348452,id_96593081,3,no,,,
zeynep,1730825348452,id_41924099,4,no,,,
zeynep,1730825348452,id_33616612,5,yes,grassland,2023,residential
zeynep,1730825348452,id_22108706,6,no,,,
zeynep,1730825348452,id_17791259,7,yes,grassland,2021,industrial
zeynep,1730825348452,id_81008491,8,no,,,
zeynep,1730825348452,id_50495713,9,no,,,
zeynep,1730825348452,id_98408424,10,no,,,
zeynep,1730825348452,id_20837223,11,no,,,
zeynep,1730825348452,id_36937769,12,no,,,
zeynep,1730825348452,id_17520820,13,no,,,
zeynep,1730825348452,id_47515746,14,no,,,
zeynep,1730825348452,id_23099820,15,no,,,
zeynep,1730825348452,id_70649396,16,no,,,
zeynep,1730825348452,id_27860774,17,no,,,
zeynep,1730825348452,id_98775344,18,no,,,
zeynep,1730825348452,id_10260576,19,yes,bareland,2020,residential
zeynep,1730825348452,id_77545397,20,no,,,
zeynep,1730825348452,id_8485220,21,no,,,
zeynep,1730825348452,id_10856332,22,no,,,
zeynep,1730825348452,id_34168956,23,no,,,
zeynep,1730825348452,id_49609571,24,no,,,
zeynep,1730825348452,id_16471601,25,no,,,
zeynep,1730825348452,id_63398866,26,no,,,
zeynep,1730825348452,id_60081083,27,no,,,
zeynep,1730825348452,id_34269412,28,no,,,
zeynep,1730825348452,id_25438426,29,no,,,
zeynep,1730825348452,id_47207408,30,yes,bareland,2019,residential
zeynep,1730825348452,id_42483712,31,no,,,
zeynep,1730825348452,id_80530964,32,no,,,
zeynep,1730825348452,id_56215033,33,yes,bareland,uncertain,residential
zeynep,1730825348452,id_28001975,34,yes,grassland,2023,residential
zeynep,1730825348452,id_49956539,35,no,,,
zeynep,1730825348452,id_67780445,36,yes,grassland,2020,residential
zeynep,1730825348452,id_20492666,37,no,,,
zeynep,1730825348452,id_64172312,38,no,,,
zeynep,1730825348452,id_92319635,39,yes,bareland,2020,residential
zeynep,1730825348452,id_57466848,40,no,,,
zeynep,1730825348452,id_5181940,41,no,,,
zeynep,1730825348452,id_44869908,42,no,,,
zeynep,1730825348452,id_35009278,43,no,,,
zeynep,1730825348452,id_31524461,44,no,,,
zeynep,1730825348452,id_28360823,45,yes,grassland,2023,transport
zeynep,1730825348452,id_8874656,46,no,,,
zeynep,1730825348452,id_12314721,47,no,,,
zeynep,1730825348452,id_46610268,48,yes,bareland,2022,residential
zeynep,1730825348452,id_77418828,49,no,,,
zeynep,1730825348452,id_41422635,50,no,,,
zeynep,1730825348452,id_43685321,51,no,,,
zeynep,1730825348452,id_13382413,52,no,,,
zeynep,1730825348452,id_9672749,53,no,,,
zeynep,1730825348452,id_85090926,54,no,,,
zeynep,1730825348452,id_55522604,55,no,,,
zeynep,1730825348452,id_16663249,56,yes,bareland,2022,industrial
zeynep,1730825348452,id_7167330,57,no,,,
zeynep,1730825348452,id_71984268,58,no,,,
zeynep,1730833857286,id_91217488,0,yes,grassland,2021,industrial
zeynep,1730833857286,id_91217488,1,yes,grassland,2021,industrial
zeynep,1730833857286,id_64668018,2,no,,,
zeynep,1730833857286,id_32873790,3,yes,bareland,2018,residential
zeynep,1730833857286,id_59310546,4,no,,,
zeynep,1730833857286,id_11913245,5,no,,,
zeynep,1730833857286,id_45126447,6,no,,,
zeynep,1730833857286,id_5078531,7,no,,,
zeynep,1730833857286,id_14443998,8,no,,,
zeynep,1730833857286,id_66718679,9,no,,,
zeynep,1730833857286,id_85165914,10,no,,,
zeynep,1730833857286,id_39696606,11,yes,grassland,uncertain,residential
zeynep,1730833857286,id_85478052,12,no,,,
zeynep,1730833857286,id_98568816,13,no,,,
zeynep,1730833857286,id_33488408,14,yes,grassland,2020,residential
zeynep,1730833857286,id_59782682,15,no,,,
zeynep,1730833857286,id_91687885,16,no,,,
zeynep,1730833857286,id_26400329,17,,,,
zeynep,1730833857286,id_91518599,18,no,,,
zeynep,1730833857286,id_71297237,19,yes,bareland,2022,industrial
zeynep,1730833857286,id_47653850,20,no,,,
zeynep,1730833857286,id_53500541,21,yes,bareland,2022,uncertain
zeynep,1730833857286,id_96164749,22,no,,,
zeynep,1730833857286,id_94480849,23,no,,,
zeynep,1730833857286,id_40695658,24,no,,,
zeynep,1730833857286,id_13927888,25,yes,grassland,2022,uncertain
zeynep,1730833857286,id_56611309,26,no,,,
zeynep,1730833857286,id_54075604,27,no,,,
zeynep,1730833857286,id_56841639,28,no,,,
zeynep,1730833857286,id_95747812,29,no,,,
zeynep,1730833857286,id_59276237,30,no,,,
zeynep,1730833857286,id_79642951,31,no,,,
zeynep,1730833857286,id_73497336,32,yes,bareland,2021,industrial
zeynep,1730833857286,id_99012419,33,no,,,
zeynep,1730833857286,id_66409625,34,no,,,
zeynep,1730833857286,id_42835022,35,no,,,
zeynep,1730833857286,id_29117796,36,no,,,
zeynep,1730833857286,id_88549008,37,yes,forest,2018,industrial
zeynep,1730833857286,id_93871337,38,no,,,
zeynep,1730833857286,id_15185172,39,no,,,
zeynep,1730833857286,id_32814953,40,no,,,
zeynep,1730833857286,id_34471930,41,no,,,
zeynep,1730833857286,id_60372105,42,no,,,
leo,1730883088425,id_6489535,0,no,,,
leo,1730883088425,id_82394352,1,no,,,
leo,1730883088425,id_38419778,2,yes,cropland,2022,residential
leo,1730883088425,id_16852110,3,no,,,
leo,1730883088425,id_23546600,4,no,,,
leo,1730883088425,id_67486276,5,uncertain,,,
leo,1730883088425,id_56645809,6,no,,,
leo,1730883088425,id_22935311,7,yes,shrubland,2020,residential
leo,1730883088425,id_89639593,8,no,,,
leo,1730883088425,id_806219,9,yes,cropland,2020,residential
leo,1730883088425,id_96567969,10,no,,,
leo,1730883088425,id_1235225,11,yes,grassland,2018,residential
leo,1730883088425,id_21846685,12,no,,,
leo,1730883088425,id_73333572,13,no,,,
leo,1730883088425,id_92442736,14,no,,,
leo,1730883088425,id_37174153,15,no,,,
leo,1730883088425,id_50751063,16,no,,,
leo,1730883088425,id_23727667,17,no,,,
leo,1730883088425,id_71394166,18,no,,,
leo,1730883088425,id_75149630,19,yes,grassland,2021,uncertain
leo,1730883088425,id_81893301,20,no,,,
leo,1730883088425,id_85847119,21,yes,grassland,2020,residential
leo,1730883088425,id_72068564,22,yes,forest,2023,residential
leo,1730883088425,id_45233249,23,no,,,
leo,1730883088425,id_57654810,24,no,,,
leo,1730883088425,id_5386799,25,no,,,
leo,1730883088425,id_54867874,26,no,,,
leo,1730883088425,id_39522034,27,yes,forest,2020,transport
leo,1730883088425,id_74175869,28,no,,,
leo,1730883088425,id_66049982,29,yes,forest,2021,transport
leo,1730883088425,id_19983631,30,no,,,
leo,1730883088425,id_9117486,31,no,,,
leo,1730883088425,id_89079744,32,no,,,
leo,1730883088425,id_34270001,33,no,,,
leo,1730883088425,id_38605928,34,no,,,
leo,1730883088425,id_51396205,35,yes,forest,2020,residential
leo,1730883088425,id_82981817,36,no,,,
leo,1730883088425,id_51684961,37,no,,,
leo,1730883088425,id_67772325,38,no,,,
leo,1730883088425,id_79273049,39,no,,,
leo,1730883088425,id_73043328,40,no,,,
leo,1730883088425,id_7152525,41,no,,,
leo,1730883088425,id_35792957,42,no,,,
leo,1730883088425,id_27062167,43,no,,,
leo,1730883088425,id_80967921,44,no,,,
leo,1730883088425,id_43383828,45,yes,cropland,2018,agriculture
leo,1730883088425,id_48218405,46,no,,,
leo,1730883088425,id_10438582,47,no,,,
leo,1730883088425,id_52064478,48,no,,,
leo,1730883088425,id_93520919,49,no,,,
leo,1730883088425,id_66330735,50,no,,,
hazel,1730911263874,id_29433029,0,no,,,
hazel,1730911263874,id_15101886,1,no,,,
leo,1730984930634,id_13647583,0,yes,cropland,2021,agriculture
leo,1730984930634,id_44194277,1,no,,,
leo,1730984930634,id_64130726,2,no,,,
leo,1730984930634,id_90098738,3,no,,,
leo,1730984930634,id_88360373,4,no,,,
leo,1730984930634,id_88306442,5,no,,,
leo,1730984930634,id_57207201,6,no,,,
leo,1730984930634,id_48282351,7,yes,cropland,2023,uncertain
leo,1730984930634,id_42588630,8,uncertain,,,
leo,1730985793325,id_42588630,0,uncertain,,,
leo,1730985793325,id_72692233,1,no,,,
leo,1730985793325,id_95566526,2,no,,,
leo,1730985793325,id_46752109,3,yes,cropland,2020,uncertain
leo,1730985793325,id_70340236,4,no,,,
leo,1730985793325,id_66941639,5,yes,forest,2019,transport
leo,1730985793325,id_72691883,6,yes,cropland,2019,agriculture
leo,1730985793325,id_69944019,7,yes,cropland,2021,residential
leo,1730985793325,id_15637840,8,no,,,
leo,1730985793325,id_4175040,9,uncertain,,,
leo,1730985793325,id_80102657,10,no,,,
leo,1730985793325,id_51829017,11,no,,,
leo,1730985793325,id_28936683,12,no,,,
leo,1730985793325,id_87367762,13,yes,cropland,2020,uncertain
leo,1730985793325,id_14296680,14,yes,cropland,2022,residential
leo,1730985793325,id_49240356,15,yes,cropland,2019,agriculture
leo,1730985793325,id_45614441,16,yes,bareland,2019,industrial
leo,1730985793325,id_85319696,17,no,,,
leo,1730985793325,id_27578896,18,no,,,
leo,1730985793325,id_53406300,19,no,,,
leo,1730985793325,id_27493481,20,no,,,
leo,1730985793325,id_82704361,21,yes,cropland,2022,industrial
leo,1730985793325,id_31929599,22,yes,forest,2023,residential
leo,1730985793325,id_70665018,23,yes,cropland,2018,industrial
leo,1730985793325,id_69742702,24,no,,,
leo,1730985793325,id_73252134,25,no,,,
hazel,1731075477034,id_13647583,0,no,,,
hazel,1731075477034,id_38250229,1,uncertain,shrubland,2023,uncertain
hazel,1731075477034,id_39832940,2,no,,,
hazel,1731075477034,id_77998120,3,no,,,
hazel,1731075477034,id_402761,4,yes,grassland,2023,agriculture
hazel,1731075477034,id_70555392,5,no,,,
hazel,1731075477034,id_79464509,6,no,,,
hazel,1731075477034,id_93526772,7,no,,,
hazel,1731075477034,id_93526772,7,no,,,
hazel,1731075477034,id_23940585,8,no,,,
hazel,1731075477034,id_69104733,9,no,,,
hazel,1731075477034,id_63420732,10,no,,,
hazel,1731075477034,id_61649359,11,no,,,
hazel,1731075477034,id_63642823,12,uncertain,forest,2019,uncertain
hazel,1731075477034,id_1289972,13,no,,,
hazel,1731075477034,id_90832953,14,no,,,
hazel,1731075477034,id_86855072,15,no,,,
hazel,1731075477034,id_75678703,16,no,,,
hazel,1731075477034,id_75754739,17,no,,,
hazel,1731075477034,id_39167439,18,no,,,
jelena,1731221633456,id_54929137,0,no,,,
jelena,1731221633456,id_7384529,1,no,,,
jelena,1731221633456,id_6250333,2,no,,,
jelena,1731221633456,id_57130921,3,no,,,
jelena,1731221633456,id_72238603,4,no,,,
jelena,1731221633456,id_8828264,5,no,,,
jelena,1731221633456,id_82787893,6,no,,,
jelena,1731221633456,id_52652102,7,no,,,
jelena,1731221633456,id_81953718,8,no,,,
jelena,1731221633456,id_59612419,9,no,,,
jelena,1731221633456,id_28663819,10,no,,,
jelena,1731221633456,id_80841851,11,no,,,
jelena,1731221633456,id_49908943,12,no,,,
jelena,1731221633456,id_22819863,13,no,,,
jelena,1731221633456,id_59596209,14,no,,,
jelena,1731221633456,id_95289331,15,no,,,
jelena,1731221633456,id_11935231,16,no,,,
jelena,1731221633456,id_6516758,17,no,,,
jelena,1731221633456,id_30008178,18,no,,,
jelena,1731221633456,id_68244764,19,yes,grassland,uncertain,
jelena,1731221633456,id_5842593,20,yes,grassland,2021,uncertain
jelena,1731221633456,id_52226866,21,yes,cropland,2023,uncertain
jelena,1731221633456,id_59436356,22,no,,,
jelena,1731221633456,id_11284223,23,uncertain,grassland,2020,transport
jelena,1731221633456,id_26294271,24,no,,,
jelena,1731221633456,id_77879425,25,no,,,
jelena,1731221633456,id_59194840,26,no,,,
jelena,1731221633456,id_77241816,27,yes,forest,2020,transport
jelena,1731221633456,id_41924629,28,no,,,
jelena,1731221633456,id_44801961,29,uncertain,,,
jelena,1731221633456,id_47262274,30,no,,,
jelena,1731221633456,id_63200242,31,yes,forest,2021,transport
jelena,1731221633456,id_47580281,32,no,,,
jelena,1731221633456,id_71274993,33,no,,,
jelena,1731221633456,id_35177359,34,uncertain,,,
jelena,1731221633456,id_91272425,35,no,,,
jelena,1731221633456,id_25619297,36,no,,,
jelena,1731221633456,id_94406117,37,no,,,
jelena,1731221633456,id_8422431,38,no,,,
jelena,1731221633456,id_31343967,39,no,,,
jelena,1731221633456,id_60186022,40,yes,grassland,2020,uncertain
jelena,1731221633456,id_26458654,41,no,,,
jelena,1731221633456,id_83302359,42,no,,,
jelena,1731221633456,id_40700436,43,uncertain,cropland,2022,uncertain
jelena,1731221633456,id_53673352,44,no,,,
jelena,1731221633456,id_81023122,45,no,,,
jelena,1731221633456,id_84622209,46,yes,grassland,2020,transport
jelena,1731221633456,id_14964872,47,no,,,
jelena,1731221633456,id_34731232,48,no,,,
jelena,1731221633456,id_79581195,49,no,,,
jelena,1731221633456,id_83403718,50,no,,,
jelena,1731221633456,id_89522022,51,uncertain,grassland,2019,uncertain
jelena,1731221633456,id_74786964,52,yes,cropland,2021,transport
jelena,1731221633456,id_37695410,53,no,,,
jelena,1731221633456,id_8094409,54,no,,,
jelena,1731221633456,id_78357866,55,uncertain,bareland,2020,transport
jelena,1731221633456,id_23262956,56,no,,,
jelena,1731221633456,id_70063968,57,no,,,
jelena,1731221633456,id_83471614,58,no,,,
jelena,1731221633456,id_13902976,59,no,,,
jelena,1731221633456,id_47968772,60,no,,,
jelena,1731221633456,id_76251859,61,no,,,
jelena,1731221633456,id_8901400,62,no,,,
jelena,1731221633456,id_59440093,63,uncertain,grassland,2020,uncertain
jelena,1731221633456,id_84862579,64,yes,shrubland,2021,residential
jelena,1731221633456,id_37684593,65,uncertain,forest,2021,uncertain
jelena,1731221633456,id_26192700,66,no,,,
jelena,1731221633456,id_89669166,67,no,,,
jelena,1731221633456,id_19347009,68,no,,,
jelena,1731221633456,id_59401876,69,no,,,
jelena,1731221633456,id_19558366,70,no,,,
jelena,1731221633456,id_10496835,71,no,,,
jelena,1731221633456,id_59617775,72,no,,,
jelena,1731221633456,id_41507000,73,no,,,
jelena,1731221633456,id_52887930,74,no,,,
jelena,1731221633456,id_38208888,75,no,,,
jelena,1731221633456,id_39568979,76,uncertain,uncertain,2019,uncertain
jelena,1731221633456,id_21555232,77,no,,,
jelena,1731221633456,id_38917842,78,no,,,
jelena,1731221633456,id_51328836,79,uncertain,uncertain,2019,residential
jelena,1731221633456,id_86173312,80,no,,,
jelena,1731221633456,id_44071987,81,yes,forest,uncertain,transport
jelena,1731221633456,id_39859474,82,no,,,
jelena,1731221633456,id_11827255,83,no,,,
jelena,1731221633456,id_7989460,84,no,,,
jelena,1731221633456,id_59042483,85,no,,,
jelena,1731221633456,id_24437523,86,no,,,
jelena,1731221633456,id_71263705,87,no,,,
jelena,1731221633456,id_62258115,88,no,,,
jelena,1731221633456,id_59921196,89,no,,,
jelena,1731221633456,id_99220531,90,no,,,
jelena,1731221633456,id_57167023,91,no,,,
jelena,1731221633456,id_56809885,92,no,,,
jelena,1731221633456,id_81108300,93,no,,,
jelena,1731221633456,id_52027777,94,no,,,
jelena,1731221633456,id_30960801,95,no,,,
jelena,1731221633456,id_89235024,96,yes,bareland,2022,residential
jelena,1731221633456,id_39053238,97,no,,,
jelena,1731221633456,id_30039529,98,no,,,
jelena,1731221633456,id_88838920,99,no,,,
jelena,1731221633456,id_68838723,100,no,,,
jelena,1731221633456,id_25218032,101,no,,,
jelena,1731221633456,id_93211342,102,uncertain,,,
jelena,1731221633456,id_53144912,103,no,,,
jelena,1731221633456,id_65852341,104,no,,,
sarah,1731246185199,id_90504651,0,no,,,
sarah,1731246185199,id_8372087,1,no,,,
sarah,1731246185199,id_46621126,2,no,,,
sarah,1731246185199,id_30298936,3,yes,bareland,2021,residential
sarah,1731246185199,id_89868389,4,no,,,
sarah,1731246185199,id_1848462,5,no,,,
sarah,1731246185199,id_75050521,6,yes,bareland,2023,industrial
sarah,1731246185199,id_75050521,6,yes,bareland,2023,uncertain
sarah,1731246185199,id_13514739,7,yes,bareland,2021,industrial
sarah,1731246185199,id_9220058,8,no,,,
sarah,1731246185199,id_26150493,9,no,,,
sarah,1731246185199,id_28223731,10,no,,,
sarah,1731246185199,id_45281272,11,yes,grassland,2021,industrial
sarah,1731246185199,id_54732296,12,no,,,
sarah,1731246185199,id_60060300,13,no,,,
sarah,1731246185199,id_49076259,14,no,,,
sarah,1731246185199,id_50099051,15,no,,,
sarah,1731246185199,id_60336034,16,no,,,
sarah,1731246185199,id_83873186,17,no,,,
sarah,1731246185199,id_97231745,18,no,,,
sarah,1731246185199,id_95995360,19,no,,,
sarah,1731246185199,id_48119561,20,no,,,
sarah,1731246185199,id_24231634,21,no,,,
sarah,1731246185199,id_39535188,22,no,,,
sarah,1731246185199,id_45031358,23,no,,,
sarah,1731246185199,id_53662848,24,yes,forest,2023,residential
sarah,1731246185199,id_81546754,25,no,,,
sarah,1731246185199,id_26253244,26,no,,,
sarah,1731246185199,id_86982779,27,no,,,
sarah,1731246185199,id_64968187,28,no,,,
sarah,1731246185199,id_20029565,29,no,,,
sarah,1731246185199,id_4194369,30,no,,,
sarah,1731246185199,id_93634798,31,no,,,
sarah,1731246185199,id_58436280,32,no,,,
sarah,1731246185199,id_44245265,33,no,,,
sarah,1731246185199,id_86475148,34,no,,,
sarah,1731246185199,id_13107140,35,no,,,
sarah,1731246185199,id_73856544,36,no,,,
sarah,1731246185199,id_21566034,37,no,,,
sarah,1731246185199,id_79915518,38,yes,grassland,2021,agriculture
sarah,1731246185199,id_43331746,39,no,,,
sarah,1731246185199,id_22929308,40,no,,,
sarah,1731246185199,id_83944548,41,no,,,
sarah,1731246185199,id_80895254,42,no,,,
sarah,1731246185199,id_76575478,43,no,,,
sarah,1731246185199,id_69623576,44,no,,,
sarah,1731246185199,id_45914843,45,no,,,
sarah,1731246185199,id_10917324,46,yes,grassland,2020,energy
sarah,1731246185199,id_83654517,47,no,,,
sarah,1731246185199,id_46648675,48,yes,grassland,2022,industrial
sarah,1731246185199,id_46941574,49,no,,,
sarah,1731246185199,id_25740358,50,no,,,
sarah,1731246185199,id_40281014,51,no,,,
sarah,1731246185199,id_66896018,52,no,,,
sarah,1731246185199,id_99990429,53,no,,,
sarah,1731246185199,id_99741746,54,yes,forest,2023,residential
sarah,1731246185199,id_28503754,55,no,,,
sarah,1731246185199,id_976930,56,no,,,
sarah,1731246185199,id_58344103,57,no,,,
sarah,1731246185199,id_25256904,58,no,,,
sarah,1731246185199,id_40428351,59,no,,,
sarah,1731246185199,id_1992937,60,no,,,
sarah,1731246185199,id_91354898,61,no,,,
sarah,1731246185199,id_7965883,62,no,,,
sarah,1731246185199,id_2820254,63,no,,,
sarah,1731246185199,id_15700782,64,no,,,
sarah,1731246185199,id_92294194,65,no,,,
sarah,1731246185199,id_56618694,66,no,,,
sarah,1731246185199,id_96071171,67,no,,,
sarah,1731246185199,id_66466562,68,no,,,
sarah,1731246185199,id_12584581,69,no,,,
sarah,1731246185199,id_36297953,70,no,,,
sarah,1731246185199,id_97694068,71,yes,bareland,2023,agriculture
sarah,1731246185199,id_43274884,72,yes,forest,2023,uncertain
sarah,1731246185199,id_24436577,73,no,,,
sarah,1731246185199,id_92800132,74,no,,,
sarah,1731246185199,id_81976757,75,no,,,
sarah,1731246185199,id_65335121,76,yes,bareland,2018,residential
sarah,1731246185199,id_25398244,77,no,,,
sarah,1731246185199,id_31650127,78,no,,,
sarah,1731246185199,id_73115312,79,yes,forest,2023,industrial
sarah,1731246185199,id_84664850,80,no,,,
sarah,1731246185199,id_93197926,81,no,,,
sarah,1731246185199,id_2045097,82,no,,,
sarah,1731246185199,id_84259271,83,no,,,
sarah,1731246185199,id_33311981,84,no,,,
sarah,1731246185199,id_43518955,85,no,,,
sarah,1731246185199,id_61750111,86,no,,,
sarah,1731246185199,id_94236236,87,no,,,
sarah,1731246185199,id_64669040,88,no,,,
sarah,1731246185199,id_29476111,89,no,,,
sarah,1731246185199,id_87604936,90,no,,,
sarah,1731246185199,id_38550343,91,no,,,
sarah,1731246185199,id_56535508,92,yes,bareland,2021,industrial
sarah,1731246185199,id_94669506,93,no,,,
sarah,1731246185199,id_38807311,94,no,,,
sarah,1731246185199,id_65957482,95,no,,,
sarah,1731246185199,id_32532752,96,no,,,
sarah,1731246185199,id_39963149,97,no,,,
sarah,1731246185199,id_70991037,98,no,,,
sarah,1731246185199,id_58344633,99,yes,grassland,2023,uncertain
sarah,1731246185199,id_5029528,100,no,,,
sarah,1731246185199,id_75476216,101,yes,grassland,2019,residential
sarah,1731246185199,id_89777519,102,no,,,
sarah,1731246185199,id_78875361,103,yes,grassland,2021,residential
sarah,1731246185199,id_88627549,104,no,,,
sarah,1731246185199,id_84657486,105,no,,,
sarah,1731246185199,id_91772024,106,no,,,
sarah,1731246185199,id_53761686,107,yes,grassland,2019,residential
sarah,1731246185199,id_92397994,108,no,,,
sarah,1731246185199,id_5021195,109,no,,,
sarah,1731246185199,id_65983212,110,no,,,
sarah,1731246185199,id_34154746,111,yes,cropland,2022,residential
sarah,1731246185199,id_24625792,112,no,,,
sarah,1731246185199,id_71714643,113,no,,,
sarah,1731246185199,id_51074016,114,no,,,
sarah,1731246185199,id_144216,115,no,,,
sarah,1731246185199,id_88042873,116,no,,,
sarah,1731246185199,id_82325882,117,no,,,
sarah,1731246185199,id_25829686,118,yes,cropland,2023,industrial
sarah,1731246185199,id_84050951,119,no,,,
sarah,1731246185199,id_29364542,120,no,,,
sarah,1731246185199,id_68401236,121,no,,,
sarah,1731246185199,id_15062024,122,no,,,
sarah,1731246185199,id_82285418,123,yes,grassland,2020,residential
sarah,1731246185199,id_92818391,124,no,,,
sarah,1731246185199,id_32254489,125,no,,,
sarah,1731246185199,id_16388506,126,no,,,
sarah,1731246185199,id_29629199,127,no,,,
sarah,1731246185199,id_41894032,128,no,,,
sarah,1731246185199,id_29437277,129,yes,grassland,2023,uncertain
sarah,1731246185199,id_66174170,130,yes,cropland,2020,uncertain
sarah,1731246185199,id_68026869,131,no,,,
sarah,1731246185199,id_46867433,132,no,,,
sarah,1731246185199,id_62248802,133,no,,,
sarah,1731246185199,id_35752815,134,no,,,
sarah,1731246185199,id_23981100,135,no,,,
sarah,1731246185199,id_12117925,136,no,,,
sarah,1731246185199,id_16004326,137,no,,,
sarah,1731246185199,id_43589096,138,no,,,
sarah,1731246185199,id_81380267,139,no,,,
sarah,1731246185199,id_47287146,140,no,,,
sarah,1731246185199,id_9726770,141,no,,,
sarah,1731246185199,id_21646247,142,no,,,
sarah,1731246185199,id_78402437,143,no,,,
sarah,1731246185199,id_43155304,144,no,,,
sarah,1731246185199,id_19804921,145,no,,,
sarah,1731246185199,id_62301193,146,no,,,
sarah,1731246185199,id_90349796,147,no,,,
sarah,1731246185199,id_64697971,148,no,,,
sarah,1731246185199,id_79751957,149,no,,,
sarah,1731246185199,id_8389716,150,no,,,
sarah,1731246185199,id_95285481,151,yes,cropland,2019,residential
sarah,1731246185199,id_1710864,152,no,,,
sarah,1731246185199,id_37472195,153,yes,grassland,2021,residential
sarah,1731246185199,id_64325662,154,no,,,
sarah,1731246185199,id_285818,155,uncertain,,,
sarah,1731246185199,id_5206030,156,no,,,
sarah,1731246185199,id_45676210,157,no,,,
sarah,1731246185199,id_37248499,158,no,,,
sarah,1731246185199,id_3866913,159,no,,,
sarah,1731246185199,id_35888336,160,no,,,
sarah,1731246185199,id_41886162,161,no,,,
sarah,1731246185199,id_88489788,162,no,,,
sarah,1731246185199,id_86623661,163,no,,,
sarah,1731246185199,id_88555478,164,no,,,
sarah,1731246185199,id_32440209,165,no,,,
sarah,1731246185199,id_12504190,166,no,,,
sarah,1731246185199,id_66653917,167,yes,cropland,2023,residential
sarah,1731246185199,id_1497490,168,no,,,
sarah,1731246185199,id_34938151,169,no,,,
sarah,1731246185199,id_25625627,170,no,,,
sarah,1731246185199,id_26710771,171,no,,,
sarah,1731246185199,id_6995327,172,yes,shrubland,2021,industrial
sarah,1731246185199,id_70001117,173,no,,,
sarah,1731246185199,id_35562114,174,no,,,
sarah,1731246185199,id_27533243,175,no,,,
sarah,1731246185199,id_66651295,176,no,,,
sarah,1731246185199,id_41987241,177,yes,forest,2022,industrial
sarah,1731246185199,id_95485794,178,no,,,
sarah,1731246185199,id_12259359,179,no,,,
sarah,1731246185199,id_46226898,180,no,,,
sarah,1731246185199,id_70265139,181,no,,,
sarah,1731246185199,id_47144605,182,no,,,
sarah,1731246185199,id_27302910,183,uncertain,,,
sarah,1731246185199,id_64928335,184,yes,cropland,2020,residential
sarah,1731246185199,id_99859399,185,no,,,
sarah,1731246185199,id_30748711,186,no,,,
sarah,1731246185199,id_48220349,187,no,,,
sarah,1731246185199,id_72521629,188,no,,,
sarah,1731246185199,id_81176226,189,no,,,
sarah,1731246185199,id_49030370,190,no,,,
sarah,1731246185199,id_92784143,191,no,,,
sarah,1731246185199,id_60292385,192,no,,,
sarah,1731246185199,id_8912057,193,no,,,
sarah,1731246185199,id_45791488,194,yes,cropland,2019,industrial
sarah,1731246185199,id_10408515,195,no,,,
sarah,1731246185199,id_32114812,196,no,,,
sarah,1731246185199,id_70508690,197,no,,,
sarah,1731246185199,id_24533110,198,no,,,
sarah,1731246185199,id_21147464,199,no,,,
sarah,1731246185199,id_26741638,200,yes,cropland,2022,agriculture
sarah,1731246185199,id_37645644,201,no,,,
sarah,1731246185199,id_19751416,202,no,,,
sarah,1731246185199,id_87647165,203,no,,,
sarah,1731246185199,id_33163208,204,no,,,
sarah,1731246185199,id_41144730,205,yes,grassland,2023,uncertain
sarah,1731246185199,id_65842721,206,no,,,
sarah,1731246185199,id_22991330,207,no,,,
sarah,1731246185199,id_6036396,208,no,,,
sarah,1731246185199,id_79974551,209,yes,shrubland,2022,industrial
sarah,1731246185199,id_42348004,210,no,,,
sarah,1731246185199,id_78484681,211,no,,,
sarah,1731246185199,id_47731886,212,no,,,
sarah,1731246185199,id_26558601,213,no,,,
sarah,1731246185199,id_38302913,214,no,,,
sarah,1731246185199,id_69466104,215,no,,,